title,url,publish_time,source,platform,content
AI知识库,https://www.53ai.com/news.html,2025-08-22 13:39:16,53AI,website,53AI知识库|大模型知识库|大模型训练|开箱即用的企业大模型应用平台|53AI - 53AI-AI知识库|大模型知识库|大模型训练|智能体开发 免费POC，零成本试错 首页 产品服务 热门场景 工作+AI 大模型提升全员工作效率 工作对话 内容创作 方案撰写 魔法菜单 业务+AI 大模型掌握企业知识与流程 微信分身 海外客服 官网客服 抖音客服 数字老师 数字督导 智能服务台 AIx业务 大模型驱动产品智能化改造 智能问数 智能审核 智能工单 企微跟进助手 智能报价 企微销售助手 应用智改 企微客服助手 大模型咨询 Consulting AI咨询与内训 了解更多 > 大模型开发 DeepSeek 微调与定制开发 了解更多 > 热门产品 53AI Hub开源 三分钟搭建出独立的企业AI门户 53AI Studio 高准确率的企业级智能体开发平台 53AI KM 让企业知识在人与AI之间流动起来 53AI Browser “AI专家”效率倍增的秘密武器 敬请期待... 客户案例 行业案例 政府央国企 政府央国企大模型落地应用案例 能源矿业 新能源与矿业大模型落地应用案例 电子科技 电子科技行业大模型落地应用案例 贸易流通 贸易流通大模型落地应用案例 制造行业 高端制造行业大模型落地应用案例 企科数服 企科数服行业大模型落地应用案例 生物医药 生物医药行业大模型落地应用案例 地产与消费品 地产与消费品行业大模型落地应用案例 场景案例 【智能问答】场景案例 让大模型掌握企业的知识和流程 【应用智改】场景案例 让大模型融入企业的产品和业务 【智能工单】场景案例 让大模型创建和受理业务工单 【智能问数】场景案例 与业务系统数据对话式互动 AI知识库 大模型落地应用知识库 前沿技术 大模型技术 多模态技术 RAG技术 知识图谱 模型微调 提示词框架 提示词技巧 开源大模型 智能硬件 Agent框架 langchain llamaindex RAGFlow coze Dify Fastgpt Bisheng Qanything MaxKB 行业应用 AI+汽车 AI+金融 AI+工业 AI+培训 AI+SaaS AI+电商 AI+医疗 企业落地 内容创作 个人提效 智能客服 AI面试 数字员工 ChatBI 知识管理 智能营销 智能化改造 结构化提示词 LangGPT之路 提示词
前沿技术,https://www.53ai.com/news/qianyanjishu,2025-08-22 13:39:16,53AI,website,前沿技术 - 53AI-AI知识库|大模型知识库|大模型训练|智能体开发 免费POC，零成本试错 首页 产品服务 热门场景 工作+AI 大模型提升全员工作效率 工作对话 内容创作 方案撰写 魔法菜单 业务+AI 大模型掌握企业知识与流程 微信分身 海外客服 官网客服 抖音客服 数字老师 数字督导 智能服务台 AIx业务 大模型驱动产品智能化改造 智能问数 智能审核 智能工单 企微跟进助手 智能报价 企微销售助手 应用智改 企微客服助手 大模型咨询 Consulting AI咨询与内训 了解更多 > 大模型开发 DeepSeek 微调与定制开发 了解更多 > 热门产品 53AI Hub开源 三分钟搭建出独立的企业AI门户 53AI Studio 高准确率的企业级智能体开发平台 53AI KM 让企业知识在人与AI之间流动起来 53AI Browser “AI专家”效率倍增的秘密武器 敬请期待... 客户案例 行业案例 政府央国企 政府央国企大模型落地应用案例 能源矿业 新能源与矿业大模型落地应用案例 电子科技 电子科技行业大模型落地应用案例 贸易流通 贸易流通大模型落地应用案例 制造行业 高端制造行业大模型落地应用案例 企科数服 企科数服行业大模型落地应用案例 生物医药 生物医药行业大模型落地应用案例 地产与消费品 地产与消费品行业大模型落地应用案例 场景案例 【智能问答】场景案例 让大模型掌握企业的知识和流程 【应用智改】场景案例 让大模型融入企业的产品和业务 【智能工单】场景案例 让大模型创建和受理业务工单 【智能问数】场景案例 与业务系统数据对话式互动 AI知识库 大模型落地应用知识库 前沿技术 大模型技术 多模态技术 RAG技术 知识图谱 模型微调 提示词框架 提示词技巧 开源大模型 智能硬件 Agent框架 langchain llamaindex RAGFlow coze Dify Fastgpt Bisheng Qanything MaxKB 行业应用 AI+汽车 AI+金融 AI+工业 AI+培训 AI+SaaS AI+电商 AI+医疗 企业落地 内容创作 个人提效 智能客服 AI面试 数字员工 ChatBI 知识管理 智能营销 智能化改造 结构化提示词 LangGPT之路 提示词合集 应用案例 社区达人 关于我们 公司介绍 渠道合作 GitHub S
大模型技术,https://www.53ai.com/news/LargeLanguageModel,2025-08-22 13:39:16,53AI,website,大模型技术 - 53AI-AI知识库|大模型知识库|大模型训练|智能体开发 免费POC，零成本试错 首页 产品服务 热门场景 工作+AI 大模型提升全员工作效率 工作对话 内容创作 方案撰写 魔法菜单 业务+AI 大模型掌握企业知识与流程 微信分身 海外客服 官网客服 抖音客服 数字老师 数字督导 智能服务台 AIx业务 大模型驱动产品智能化改造 智能问数 智能审核 智能工单 企微跟进助手 智能报价 企微销售助手 应用智改 企微客服助手 大模型咨询 Consulting AI咨询与内训 了解更多 > 大模型开发 DeepSeek 微调与定制开发 了解更多 > 热门产品 53AI Hub开源 三分钟搭建出独立的企业AI门户 53AI Studio 高准确率的企业级智能体开发平台 53AI KM 让企业知识在人与AI之间流动起来 53AI Browser “AI专家”效率倍增的秘密武器 敬请期待... 客户案例 行业案例 政府央国企 政府央国企大模型落地应用案例 能源矿业 新能源与矿业大模型落地应用案例 电子科技 电子科技行业大模型落地应用案例 贸易流通 贸易流通大模型落地应用案例 制造行业 高端制造行业大模型落地应用案例 企科数服 企科数服行业大模型落地应用案例 生物医药 生物医药行业大模型落地应用案例 地产与消费品 地产与消费品行业大模型落地应用案例 场景案例 【智能问答】场景案例 让大模型掌握企业的知识和流程 【应用智改】场景案例 让大模型融入企业的产品和业务 【智能工单】场景案例 让大模型创建和受理业务工单 【智能问数】场景案例 与业务系统数据对话式互动 AI知识库 大模型落地应用知识库 前沿技术 大模型技术 多模态技术 RAG技术 知识图谱 模型微调 提示词框架 提示词技巧 开源大模型 智能硬件 Agent框架 langchain llamaindex RAGFlow coze Dify Fastgpt Bisheng Qanything MaxKB 行业应用 AI+汽车 AI+金融 AI+工业 AI+培训 AI+SaaS AI+电商 AI+医疗 企业落地 内容创作 个人提效 智能客服 AI面试 数字员工 ChatBI 知识管理 智能营销 智能化改造 结构化提示词 LangGPT之路 提示词合集 应用案例 社区达人 关于我们 公司介绍 渠道合作 GitHub 
多模态技术,https://www.53ai.com/news/MultimodalLargeModel,2025-08-22 13:39:16,53AI,website,多模态技术 - 53AI-AI知识库|大模型知识库|大模型训练|智能体开发 免费POC，零成本试错 首页 产品服务 热门场景 工作+AI 大模型提升全员工作效率 工作对话 内容创作 方案撰写 魔法菜单 业务+AI 大模型掌握企业知识与流程 微信分身 海外客服 官网客服 抖音客服 数字老师 数字督导 智能服务台 AIx业务 大模型驱动产品智能化改造 智能问数 智能审核 智能工单 企微跟进助手 智能报价 企微销售助手 应用智改 企微客服助手 大模型咨询 Consulting AI咨询与内训 了解更多 > 大模型开发 DeepSeek 微调与定制开发 了解更多 > 热门产品 53AI Hub开源 三分钟搭建出独立的企业AI门户 53AI Studio 高准确率的企业级智能体开发平台 53AI KM 让企业知识在人与AI之间流动起来 53AI Browser “AI专家”效率倍增的秘密武器 敬请期待... 客户案例 行业案例 政府央国企 政府央国企大模型落地应用案例 能源矿业 新能源与矿业大模型落地应用案例 电子科技 电子科技行业大模型落地应用案例 贸易流通 贸易流通大模型落地应用案例 制造行业 高端制造行业大模型落地应用案例 企科数服 企科数服行业大模型落地应用案例 生物医药 生物医药行业大模型落地应用案例 地产与消费品 地产与消费品行业大模型落地应用案例 场景案例 【智能问答】场景案例 让大模型掌握企业的知识和流程 【应用智改】场景案例 让大模型融入企业的产品和业务 【智能工单】场景案例 让大模型创建和受理业务工单 【智能问数】场景案例 与业务系统数据对话式互动 AI知识库 大模型落地应用知识库 前沿技术 大模型技术 多模态技术 RAG技术 知识图谱 模型微调 提示词框架 提示词技巧 开源大模型 智能硬件 Agent框架 langchain llamaindex RAGFlow coze Dify Fastgpt Bisheng Qanything MaxKB 行业应用 AI+汽车 AI+金融 AI+工业 AI+培训 AI+SaaS AI+电商 AI+医疗 企业落地 内容创作 个人提效 智能客服 AI面试 数字员工 ChatBI 知识管理 智能营销 智能化改造 结构化提示词 LangGPT之路 提示词合集 应用案例 社区达人 关于我们 公司介绍 渠道合作 GitHub 
RAG技术,https://www.53ai.com/news/RAG,2025-08-22 13:39:16,53AI,website,RAG技术 - 53AI-AI知识库|大模型知识库|大模型训练|智能体开发 免费POC，零成本试错 首页 产品服务 热门场景 工作+AI 大模型提升全员工作效率 工作对话 内容创作 方案撰写 魔法菜单 业务+AI 大模型掌握企业知识与流程 微信分身 海外客服 官网客服 抖音客服 数字老师 数字督导 智能服务台 AIx业务 大模型驱动产品智能化改造 智能问数 智能审核 智能工单 企微跟进助手 智能报价 企微销售助手 应用智改 企微客服助手 大模型咨询 Consulting AI咨询与内训 了解更多 > 大模型开发 DeepSeek 微调与定制开发 了解更多 > 热门产品 53AI Hub开源 三分钟搭建出独立的企业AI门户 53AI Studio 高准确率的企业级智能体开发平台 53AI KM 让企业知识在人与AI之间流动起来 53AI Browser “AI专家”效率倍增的秘密武器 敬请期待... 客户案例 行业案例 政府央国企 政府央国企大模型落地应用案例 能源矿业 新能源与矿业大模型落地应用案例 电子科技 电子科技行业大模型落地应用案例 贸易流通 贸易流通大模型落地应用案例 制造行业 高端制造行业大模型落地应用案例 企科数服 企科数服行业大模型落地应用案例 生物医药 生物医药行业大模型落地应用案例 地产与消费品 地产与消费品行业大模型落地应用案例 场景案例 【智能问答】场景案例 让大模型掌握企业的知识和流程 【应用智改】场景案例 让大模型融入企业的产品和业务 【智能工单】场景案例 让大模型创建和受理业务工单 【智能问数】场景案例 与业务系统数据对话式互动 AI知识库 大模型落地应用知识库 前沿技术 大模型技术 多模态技术 RAG技术 知识图谱 模型微调 提示词框架 提示词技巧 开源大模型 智能硬件 Agent框架 langchain llamaindex RAGFlow coze Dify Fastgpt Bisheng Qanything MaxKB 行业应用 AI+汽车 AI+金融 AI+工业 AI+培训 AI+SaaS AI+电商 AI+医疗 企业落地 内容创作 个人提效 智能客服 AI面试 数字员工 ChatBI 知识管理 智能营销 智能化改造 结构化提示词 LangGPT之路 提示词合集 应用案例 社区达人 关于我们 公司介绍 渠道合作 GitHub 
langchain,https://www.53ai.com/news/langchain,2025-08-22 13:39:16,53AI,website,53AI-行业落地案例 - 53AI-AI知识库|大模型知识库|大模型训练|智能体开发 免费POC，零成本试错 首页 产品服务 热门场景 工作+AI 大模型提升全员工作效率 工作对话 内容创作 方案撰写 魔法菜单 业务+AI 大模型掌握企业知识与流程 微信分身 海外客服 官网客服 抖音客服 数字老师 数字督导 智能服务台 AIx业务 大模型驱动产品智能化改造 智能问数 智能审核 智能工单 企微跟进助手 智能报价 企微销售助手 应用智改 企微客服助手 大模型咨询 Consulting AI咨询与内训 了解更多 > 大模型开发 DeepSeek 微调与定制开发 了解更多 > 热门产品 53AI Hub开源 三分钟搭建出独立的企业AI门户 53AI Studio 高准确率的企业级智能体开发平台 53AI KM 让企业知识在人与AI之间流动起来 53AI Browser “AI专家”效率倍增的秘密武器 敬请期待... 客户案例 行业案例 政府央国企 政府央国企大模型落地应用案例 能源矿业 新能源与矿业大模型落地应用案例 电子科技 电子科技行业大模型落地应用案例 贸易流通 贸易流通大模型落地应用案例 制造行业 高端制造行业大模型落地应用案例 企科数服 企科数服行业大模型落地应用案例 生物医药 生物医药行业大模型落地应用案例 地产与消费品 地产与消费品行业大模型落地应用案例 场景案例 【智能问答】场景案例 让大模型掌握企业的知识和流程 【应用智改】场景案例 让大模型融入企业的产品和业务 【智能工单】场景案例 让大模型创建和受理业务工单 【智能问数】场景案例 与业务系统数据对话式互动 AI知识库 大模型落地应用知识库 前沿技术 大模型技术 多模态技术 RAG技术 知识图谱 模型微调 提示词框架 提示词技巧 开源大模型 智能硬件 Agent框架 langchain llamaindex RAGFlow coze Dify Fastgpt Bisheng Qanything MaxKB 行业应用 AI+汽车 AI+金融 AI+工业 AI+培训 AI+SaaS AI+电商 AI+医疗 企业落地 内容创作 个人提效 智能客服 AI面试 数字员工 ChatBI 知识管理 智能营销 智能化改造 结构化提示词 LangGPT之路 提示词合集 应用案例 社区达人 关于我们 公司介绍 渠道合作 G
llamaindex,https://www.53ai.com/news/llamaindex,2025-08-22 13:39:16,53AI,website,53AI-行业落地案例 - 53AI-AI知识库|大模型知识库|大模型训练|智能体开发 免费POC，零成本试错 首页 产品服务 热门场景 工作+AI 大模型提升全员工作效率 工作对话 内容创作 方案撰写 魔法菜单 业务+AI 大模型掌握企业知识与流程 微信分身 海外客服 官网客服 抖音客服 数字老师 数字督导 智能服务台 AIx业务 大模型驱动产品智能化改造 智能问数 智能审核 智能工单 企微跟进助手 智能报价 企微销售助手 应用智改 企微客服助手 大模型咨询 Consulting AI咨询与内训 了解更多 > 大模型开发 DeepSeek 微调与定制开发 了解更多 > 热门产品 53AI Hub开源 三分钟搭建出独立的企业AI门户 53AI Studio 高准确率的企业级智能体开发平台 53AI KM 让企业知识在人与AI之间流动起来 53AI Browser “AI专家”效率倍增的秘密武器 敬请期待... 客户案例 行业案例 政府央国企 政府央国企大模型落地应用案例 能源矿业 新能源与矿业大模型落地应用案例 电子科技 电子科技行业大模型落地应用案例 贸易流通 贸易流通大模型落地应用案例 制造行业 高端制造行业大模型落地应用案例 企科数服 企科数服行业大模型落地应用案例 生物医药 生物医药行业大模型落地应用案例 地产与消费品 地产与消费品行业大模型落地应用案例 场景案例 【智能问答】场景案例 让大模型掌握企业的知识和流程 【应用智改】场景案例 让大模型融入企业的产品和业务 【智能工单】场景案例 让大模型创建和受理业务工单 【智能问数】场景案例 与业务系统数据对话式互动 AI知识库 大模型落地应用知识库 前沿技术 大模型技术 多模态技术 RAG技术 知识图谱 模型微调 提示词框架 提示词技巧 开源大模型 智能硬件 Agent框架 langchain llamaindex RAGFlow coze Dify Fastgpt Bisheng Qanything MaxKB 行业应用 AI+汽车 AI+金融 AI+工业 AI+培训 AI+SaaS AI+电商 AI+医疗 企业落地 内容创作 个人提效 智能客服 AI面试 数字员工 ChatBI 知识管理 智能营销 智能化改造 结构化提示词 LangGPT之路 提示词合集 应用案例 社区达人 关于我们 公司介绍 渠道合作 G
AI+汽车,https://www.53ai.com/news/AIqiche,2025-08-22 13:39:16,53AI,website,53AI-行业落地案例 - 53AI-AI知识库|大模型知识库|大模型训练|智能体开发 免费POC，零成本试错 首页 产品服务 热门场景 工作+AI 大模型提升全员工作效率 工作对话 内容创作 方案撰写 魔法菜单 业务+AI 大模型掌握企业知识与流程 微信分身 海外客服 官网客服 抖音客服 数字老师 数字督导 智能服务台 AIx业务 大模型驱动产品智能化改造 智能问数 智能审核 智能工单 企微跟进助手 智能报价 企微销售助手 应用智改 企微客服助手 大模型咨询 Consulting AI咨询与内训 了解更多 > 大模型开发 DeepSeek 微调与定制开发 了解更多 > 热门产品 53AI Hub开源 三分钟搭建出独立的企业AI门户 53AI Studio 高准确率的企业级智能体开发平台 53AI KM 让企业知识在人与AI之间流动起来 53AI Browser “AI专家”效率倍增的秘密武器 敬请期待... 客户案例 行业案例 政府央国企 政府央国企大模型落地应用案例 能源矿业 新能源与矿业大模型落地应用案例 电子科技 电子科技行业大模型落地应用案例 贸易流通 贸易流通大模型落地应用案例 制造行业 高端制造行业大模型落地应用案例 企科数服 企科数服行业大模型落地应用案例 生物医药 生物医药行业大模型落地应用案例 地产与消费品 地产与消费品行业大模型落地应用案例 场景案例 【智能问答】场景案例 让大模型掌握企业的知识和流程 【应用智改】场景案例 让大模型融入企业的产品和业务 【智能工单】场景案例 让大模型创建和受理业务工单 【智能问数】场景案例 与业务系统数据对话式互动 AI知识库 大模型落地应用知识库 前沿技术 大模型技术 多模态技术 RAG技术 知识图谱 模型微调 提示词框架 提示词技巧 开源大模型 智能硬件 Agent框架 langchain llamaindex RAGFlow coze Dify Fastgpt Bisheng Qanything MaxKB 行业应用 AI+汽车 AI+金融 AI+工业 AI+培训 AI+SaaS AI+电商 AI+医疗 企业落地 内容创作 个人提效 智能客服 AI面试 数字员工 ChatBI 知识管理 智能营销 智能化改造 结构化提示词 LangGPT之路 提示词合集 应用案例 社区达人 关于我们 公司介绍 渠道合作 G
AI+金融,https://www.53ai.com/news/AIjinrong,2025-08-22 13:39:16,53AI,website,53AI-行业落地案例 - 53AI-AI知识库|大模型知识库|大模型训练|智能体开发 免费POC，零成本试错 首页 产品服务 热门场景 工作+AI 大模型提升全员工作效率 工作对话 内容创作 方案撰写 魔法菜单 业务+AI 大模型掌握企业知识与流程 微信分身 海外客服 官网客服 抖音客服 数字老师 数字督导 智能服务台 AIx业务 大模型驱动产品智能化改造 智能问数 智能审核 智能工单 企微跟进助手 智能报价 企微销售助手 应用智改 企微客服助手 大模型咨询 Consulting AI咨询与内训 了解更多 > 大模型开发 DeepSeek 微调与定制开发 了解更多 > 热门产品 53AI Hub开源 三分钟搭建出独立的企业AI门户 53AI Studio 高准确率的企业级智能体开发平台 53AI KM 让企业知识在人与AI之间流动起来 53AI Browser “AI专家”效率倍增的秘密武器 敬请期待... 客户案例 行业案例 政府央国企 政府央国企大模型落地应用案例 能源矿业 新能源与矿业大模型落地应用案例 电子科技 电子科技行业大模型落地应用案例 贸易流通 贸易流通大模型落地应用案例 制造行业 高端制造行业大模型落地应用案例 企科数服 企科数服行业大模型落地应用案例 生物医药 生物医药行业大模型落地应用案例 地产与消费品 地产与消费品行业大模型落地应用案例 场景案例 【智能问答】场景案例 让大模型掌握企业的知识和流程 【应用智改】场景案例 让大模型融入企业的产品和业务 【智能工单】场景案例 让大模型创建和受理业务工单 【智能问数】场景案例 与业务系统数据对话式互动 AI知识库 大模型落地应用知识库 前沿技术 大模型技术 多模态技术 RAG技术 知识图谱 模型微调 提示词框架 提示词技巧 开源大模型 智能硬件 Agent框架 langchain llamaindex RAGFlow coze Dify Fastgpt Bisheng Qanything MaxKB 行业应用 AI+汽车 AI+金融 AI+工业 AI+培训 AI+SaaS AI+电商 AI+医疗 企业落地 内容创作 个人提效 智能客服 AI面试 数字员工 ChatBI 知识管理 智能营销 智能化改造 结构化提示词 LangGPT之路 提示词合集 应用案例 社区达人 关于我们 公司介绍 渠道合作 G
AI+工业,https://www.53ai.com/news/AIgongye,2025-08-22 13:39:16,53AI,website,53AI-行业落地案例 - 53AI-AI知识库|大模型知识库|大模型训练|智能体开发 免费POC，零成本试错 首页 产品服务 热门场景 工作+AI 大模型提升全员工作效率 工作对话 内容创作 方案撰写 魔法菜单 业务+AI 大模型掌握企业知识与流程 微信分身 海外客服 官网客服 抖音客服 数字老师 数字督导 智能服务台 AIx业务 大模型驱动产品智能化改造 智能问数 智能审核 智能工单 企微跟进助手 智能报价 企微销售助手 应用智改 企微客服助手 大模型咨询 Consulting AI咨询与内训 了解更多 > 大模型开发 DeepSeek 微调与定制开发 了解更多 > 热门产品 53AI Hub开源 三分钟搭建出独立的企业AI门户 53AI Studio 高准确率的企业级智能体开发平台 53AI KM 让企业知识在人与AI之间流动起来 53AI Browser “AI专家”效率倍增的秘密武器 敬请期待... 客户案例 行业案例 政府央国企 政府央国企大模型落地应用案例 能源矿业 新能源与矿业大模型落地应用案例 电子科技 电子科技行业大模型落地应用案例 贸易流通 贸易流通大模型落地应用案例 制造行业 高端制造行业大模型落地应用案例 企科数服 企科数服行业大模型落地应用案例 生物医药 生物医药行业大模型落地应用案例 地产与消费品 地产与消费品行业大模型落地应用案例 场景案例 【智能问答】场景案例 让大模型掌握企业的知识和流程 【应用智改】场景案例 让大模型融入企业的产品和业务 【智能工单】场景案例 让大模型创建和受理业务工单 【智能问数】场景案例 与业务系统数据对话式互动 AI知识库 大模型落地应用知识库 前沿技术 大模型技术 多模态技术 RAG技术 知识图谱 模型微调 提示词框架 提示词技巧 开源大模型 智能硬件 Agent框架 langchain llamaindex RAGFlow coze Dify Fastgpt Bisheng Qanything MaxKB 行业应用 AI+汽车 AI+金融 AI+工业 AI+培训 AI+SaaS AI+电商 AI+医疗 企业落地 内容创作 个人提效 智能客服 AI面试 数字员工 ChatBI 知识管理 智能营销 智能化改造 结构化提示词 LangGPT之路 提示词合集 应用案例 社区达人 关于我们 公司介绍 渠道合作 G
AI+培训,https://www.53ai.com/news/AIpeixun,2025-08-22 13:39:16,53AI,website,53AI-行业落地案例 - 53AI-AI知识库|大模型知识库|大模型训练|智能体开发 免费POC，零成本试错 首页 产品服务 热门场景 工作+AI 大模型提升全员工作效率 工作对话 内容创作 方案撰写 魔法菜单 业务+AI 大模型掌握企业知识与流程 微信分身 海外客服 官网客服 抖音客服 数字老师 数字督导 智能服务台 AIx业务 大模型驱动产品智能化改造 智能问数 智能审核 智能工单 企微跟进助手 智能报价 企微销售助手 应用智改 企微客服助手 大模型咨询 Consulting AI咨询与内训 了解更多 > 大模型开发 DeepSeek 微调与定制开发 了解更多 > 热门产品 53AI Hub开源 三分钟搭建出独立的企业AI门户 53AI Studio 高准确率的企业级智能体开发平台 53AI KM 让企业知识在人与AI之间流动起来 53AI Browser “AI专家”效率倍增的秘密武器 敬请期待... 客户案例 行业案例 政府央国企 政府央国企大模型落地应用案例 能源矿业 新能源与矿业大模型落地应用案例 电子科技 电子科技行业大模型落地应用案例 贸易流通 贸易流通大模型落地应用案例 制造行业 高端制造行业大模型落地应用案例 企科数服 企科数服行业大模型落地应用案例 生物医药 生物医药行业大模型落地应用案例 地产与消费品 地产与消费品行业大模型落地应用案例 场景案例 【智能问答】场景案例 让大模型掌握企业的知识和流程 【应用智改】场景案例 让大模型融入企业的产品和业务 【智能工单】场景案例 让大模型创建和受理业务工单 【智能问数】场景案例 与业务系统数据对话式互动 AI知识库 大模型落地应用知识库 前沿技术 大模型技术 多模态技术 RAG技术 知识图谱 模型微调 提示词框架 提示词技巧 开源大模型 智能硬件 Agent框架 langchain llamaindex RAGFlow coze Dify Fastgpt Bisheng Qanything MaxKB 行业应用 AI+汽车 AI+金融 AI+工业 AI+培训 AI+SaaS AI+电商 AI+医疗 企业落地 内容创作 个人提效 智能客服 AI面试 数字员工 ChatBI 知识管理 智能营销 智能化改造 结构化提示词 LangGPT之路 提示词合集 应用案例 社区达人 关于我们 公司介绍 渠道合作 G
AI+SaaS,https://www.53ai.com/news/AISaaS,2025-08-22 13:39:16,53AI,website,53AI-行业落地案例 - 53AI-AI知识库|大模型知识库|大模型训练|智能体开发 免费POC，零成本试错 首页 产品服务 热门场景 工作+AI 大模型提升全员工作效率 工作对话 内容创作 方案撰写 魔法菜单 业务+AI 大模型掌握企业知识与流程 微信分身 海外客服 官网客服 抖音客服 数字老师 数字督导 智能服务台 AIx业务 大模型驱动产品智能化改造 智能问数 智能审核 智能工单 企微跟进助手 智能报价 企微销售助手 应用智改 企微客服助手 大模型咨询 Consulting AI咨询与内训 了解更多 > 大模型开发 DeepSeek 微调与定制开发 了解更多 > 热门产品 53AI Hub开源 三分钟搭建出独立的企业AI门户 53AI Studio 高准确率的企业级智能体开发平台 53AI KM 让企业知识在人与AI之间流动起来 53AI Browser “AI专家”效率倍增的秘密武器 敬请期待... 客户案例 行业案例 政府央国企 政府央国企大模型落地应用案例 能源矿业 新能源与矿业大模型落地应用案例 电子科技 电子科技行业大模型落地应用案例 贸易流通 贸易流通大模型落地应用案例 制造行业 高端制造行业大模型落地应用案例 企科数服 企科数服行业大模型落地应用案例 生物医药 生物医药行业大模型落地应用案例 地产与消费品 地产与消费品行业大模型落地应用案例 场景案例 【智能问答】场景案例 让大模型掌握企业的知识和流程 【应用智改】场景案例 让大模型融入企业的产品和业务 【智能工单】场景案例 让大模型创建和受理业务工单 【智能问数】场景案例 与业务系统数据对话式互动 AI知识库 大模型落地应用知识库 前沿技术 大模型技术 多模态技术 RAG技术 知识图谱 模型微调 提示词框架 提示词技巧 开源大模型 智能硬件 Agent框架 langchain llamaindex RAGFlow coze Dify Fastgpt Bisheng Qanything MaxKB 行业应用 AI+汽车 AI+金融 AI+工业 AI+培训 AI+SaaS AI+电商 AI+医疗 企业落地 内容创作 个人提效 智能客服 AI面试 数字员工 ChatBI 知识管理 智能营销 智能化改造 结构化提示词 LangGPT之路 提示词合集 应用案例 社区达人 关于我们 公司介绍 渠道合作 G
AI+电商,https://www.53ai.com/news/AIdianshang,2025-08-22 13:39:16,53AI,website,53AI-行业落地案例 - 53AI-AI知识库|大模型知识库|大模型训练|智能体开发 免费POC，零成本试错 首页 产品服务 热门场景 工作+AI 大模型提升全员工作效率 工作对话 内容创作 方案撰写 魔法菜单 业务+AI 大模型掌握企业知识与流程 微信分身 海外客服 官网客服 抖音客服 数字老师 数字督导 智能服务台 AIx业务 大模型驱动产品智能化改造 智能问数 智能审核 智能工单 企微跟进助手 智能报价 企微销售助手 应用智改 企微客服助手 大模型咨询 Consulting AI咨询与内训 了解更多 > 大模型开发 DeepSeek 微调与定制开发 了解更多 > 热门产品 53AI Hub开源 三分钟搭建出独立的企业AI门户 53AI Studio 高准确率的企业级智能体开发平台 53AI KM 让企业知识在人与AI之间流动起来 53AI Browser “AI专家”效率倍增的秘密武器 敬请期待... 客户案例 行业案例 政府央国企 政府央国企大模型落地应用案例 能源矿业 新能源与矿业大模型落地应用案例 电子科技 电子科技行业大模型落地应用案例 贸易流通 贸易流通大模型落地应用案例 制造行业 高端制造行业大模型落地应用案例 企科数服 企科数服行业大模型落地应用案例 生物医药 生物医药行业大模型落地应用案例 地产与消费品 地产与消费品行业大模型落地应用案例 场景案例 【智能问答】场景案例 让大模型掌握企业的知识和流程 【应用智改】场景案例 让大模型融入企业的产品和业务 【智能工单】场景案例 让大模型创建和受理业务工单 【智能问数】场景案例 与业务系统数据对话式互动 AI知识库 大模型落地应用知识库 前沿技术 大模型技术 多模态技术 RAG技术 知识图谱 模型微调 提示词框架 提示词技巧 开源大模型 智能硬件 Agent框架 langchain llamaindex RAGFlow coze Dify Fastgpt Bisheng Qanything MaxKB 行业应用 AI+汽车 AI+金融 AI+工业 AI+培训 AI+SaaS AI+电商 AI+医疗 企业落地 内容创作 个人提效 智能客服 AI面试 数字员工 ChatBI 知识管理 智能营销 智能化改造 结构化提示词 LangGPT之路 提示词合集 应用案例 社区达人 关于我们 公司介绍 渠道合作 G
AI+医疗,https://www.53ai.com/news/AIyiliao,2025-08-22 13:39:16,53AI,website,53AI-行业落地案例 - 53AI-AI知识库|大模型知识库|大模型训练|智能体开发 免费POC，零成本试错 首页 产品服务 热门场景 工作+AI 大模型提升全员工作效率 工作对话 内容创作 方案撰写 魔法菜单 业务+AI 大模型掌握企业知识与流程 微信分身 海外客服 官网客服 抖音客服 数字老师 数字督导 智能服务台 AIx业务 大模型驱动产品智能化改造 智能问数 智能审核 智能工单 企微跟进助手 智能报价 企微销售助手 应用智改 企微客服助手 大模型咨询 Consulting AI咨询与内训 了解更多 > 大模型开发 DeepSeek 微调与定制开发 了解更多 > 热门产品 53AI Hub开源 三分钟搭建出独立的企业AI门户 53AI Studio 高准确率的企业级智能体开发平台 53AI KM 让企业知识在人与AI之间流动起来 53AI Browser “AI专家”效率倍增的秘密武器 敬请期待... 客户案例 行业案例 政府央国企 政府央国企大模型落地应用案例 能源矿业 新能源与矿业大模型落地应用案例 电子科技 电子科技行业大模型落地应用案例 贸易流通 贸易流通大模型落地应用案例 制造行业 高端制造行业大模型落地应用案例 企科数服 企科数服行业大模型落地应用案例 生物医药 生物医药行业大模型落地应用案例 地产与消费品 地产与消费品行业大模型落地应用案例 场景案例 【智能问答】场景案例 让大模型掌握企业的知识和流程 【应用智改】场景案例 让大模型融入企业的产品和业务 【智能工单】场景案例 让大模型创建和受理业务工单 【智能问数】场景案例 与业务系统数据对话式互动 AI知识库 大模型落地应用知识库 前沿技术 大模型技术 多模态技术 RAG技术 知识图谱 模型微调 提示词框架 提示词技巧 开源大模型 智能硬件 Agent框架 langchain llamaindex RAGFlow coze Dify Fastgpt Bisheng Qanything MaxKB 行业应用 AI+汽车 AI+金融 AI+工业 AI+培训 AI+SaaS AI+电商 AI+医疗 企业落地 内容创作 个人提效 智能客服 AI面试 数字员工 ChatBI 知识管理 智能营销 智能化改造 结构化提示词 LangGPT之路 提示词合集 应用案例 社区达人 关于我们 公司介绍 渠道合作 G
AI面试,https://www.53ai.com/news/AImianshi,2025-08-22 13:39:16,53AI,website,53AI-行业落地案例 - 53AI-AI知识库|大模型知识库|大模型训练|智能体开发 免费POC，零成本试错 首页 产品服务 热门场景 工作+AI 大模型提升全员工作效率 工作对话 内容创作 方案撰写 魔法菜单 业务+AI 大模型掌握企业知识与流程 微信分身 海外客服 官网客服 抖音客服 数字老师 数字督导 智能服务台 AIx业务 大模型驱动产品智能化改造 智能问数 智能审核 智能工单 企微跟进助手 智能报价 企微销售助手 应用智改 企微客服助手 大模型咨询 Consulting AI咨询与内训 了解更多 > 大模型开发 DeepSeek 微调与定制开发 了解更多 > 热门产品 53AI Hub开源 三分钟搭建出独立的企业AI门户 53AI Studio 高准确率的企业级智能体开发平台 53AI KM 让企业知识在人与AI之间流动起来 53AI Browser “AI专家”效率倍增的秘密武器 敬请期待... 客户案例 行业案例 政府央国企 政府央国企大模型落地应用案例 能源矿业 新能源与矿业大模型落地应用案例 电子科技 电子科技行业大模型落地应用案例 贸易流通 贸易流通大模型落地应用案例 制造行业 高端制造行业大模型落地应用案例 企科数服 企科数服行业大模型落地应用案例 生物医药 生物医药行业大模型落地应用案例 地产与消费品 地产与消费品行业大模型落地应用案例 场景案例 【智能问答】场景案例 让大模型掌握企业的知识和流程 【应用智改】场景案例 让大模型融入企业的产品和业务 【智能工单】场景案例 让大模型创建和受理业务工单 【智能问数】场景案例 与业务系统数据对话式互动 AI知识库 大模型落地应用知识库 前沿技术 大模型技术 多模态技术 RAG技术 知识图谱 模型微调 提示词框架 提示词技巧 开源大模型 智能硬件 Agent框架 langchain llamaindex RAGFlow coze Dify Fastgpt Bisheng Qanything MaxKB 行业应用 AI+汽车 AI+金融 AI+工业 AI+培训 AI+SaaS AI+电商 AI+医疗 企业落地 内容创作 个人提效 智能客服 AI面试 数字员工 ChatBI 知识管理 智能营销 智能化改造 结构化提示词 LangGPT之路 提示词合集 应用案例 社区达人 关于我们 公司介绍 渠道合作 G
前沿技术,https://www.53ai.com/news/qianyanjishu,2025-08-22 13:39:16,53AI,website,前沿技术 - 53AI-AI知识库|大模型知识库|大模型训练|智能体开发 免费POC，零成本试错 首页 产品服务 热门场景 工作+AI 大模型提升全员工作效率 工作对话 内容创作 方案撰写 魔法菜单 业务+AI 大模型掌握企业知识与流程 微信分身 海外客服 官网客服 抖音客服 数字老师 数字督导 智能服务台 AIx业务 大模型驱动产品智能化改造 智能问数 智能审核 智能工单 企微跟进助手 智能报价 企微销售助手 应用智改 企微客服助手 大模型咨询 Consulting AI咨询与内训 了解更多 > 大模型开发 DeepSeek 微调与定制开发 了解更多 > 热门产品 53AI Hub开源 三分钟搭建出独立的企业AI门户 53AI Studio 高准确率的企业级智能体开发平台 53AI KM 让企业知识在人与AI之间流动起来 53AI Browser “AI专家”效率倍增的秘密武器 敬请期待... 客户案例 行业案例 政府央国企 政府央国企大模型落地应用案例 能源矿业 新能源与矿业大模型落地应用案例 电子科技 电子科技行业大模型落地应用案例 贸易流通 贸易流通大模型落地应用案例 制造行业 高端制造行业大模型落地应用案例 企科数服 企科数服行业大模型落地应用案例 生物医药 生物医药行业大模型落地应用案例 地产与消费品 地产与消费品行业大模型落地应用案例 场景案例 【智能问答】场景案例 让大模型掌握企业的知识和流程 【应用智改】场景案例 让大模型融入企业的产品和业务 【智能工单】场景案例 让大模型创建和受理业务工单 【智能问数】场景案例 与业务系统数据对话式互动 AI知识库 大模型落地应用知识库 前沿技术 大模型技术 多模态技术 RAG技术 知识图谱 模型微调 提示词框架 提示词技巧 开源大模型 智能硬件 Agent框架 langchain llamaindex RAGFlow coze Dify Fastgpt Bisheng Qanything MaxKB 行业应用 AI+汽车 AI+金融 AI+工业 AI+培训 AI+SaaS AI+电商 AI+医疗 企业落地 内容创作 个人提效 智能客服 AI面试 数字员工 ChatBI 知识管理 智能营销 智能化改造 结构化提示词 LangGPT之路 提示词合集 应用案例 社区达人 关于我们 公司介绍 渠道合作 GitHub S
大模型技术,https://www.53ai.com/news/LargeLanguageModel,2025-08-22 13:39:16,53AI,website,大模型技术 - 53AI-AI知识库|大模型知识库|大模型训练|智能体开发 免费POC，零成本试错 首页 产品服务 热门场景 工作+AI 大模型提升全员工作效率 工作对话 内容创作 方案撰写 魔法菜单 业务+AI 大模型掌握企业知识与流程 微信分身 海外客服 官网客服 抖音客服 数字老师 数字督导 智能服务台 AIx业务 大模型驱动产品智能化改造 智能问数 智能审核 智能工单 企微跟进助手 智能报价 企微销售助手 应用智改 企微客服助手 大模型咨询 Consulting AI咨询与内训 了解更多 > 大模型开发 DeepSeek 微调与定制开发 了解更多 > 热门产品 53AI Hub开源 三分钟搭建出独立的企业AI门户 53AI Studio 高准确率的企业级智能体开发平台 53AI KM 让企业知识在人与AI之间流动起来 53AI Browser “AI专家”效率倍增的秘密武器 敬请期待... 客户案例 行业案例 政府央国企 政府央国企大模型落地应用案例 能源矿业 新能源与矿业大模型落地应用案例 电子科技 电子科技行业大模型落地应用案例 贸易流通 贸易流通大模型落地应用案例 制造行业 高端制造行业大模型落地应用案例 企科数服 企科数服行业大模型落地应用案例 生物医药 生物医药行业大模型落地应用案例 地产与消费品 地产与消费品行业大模型落地应用案例 场景案例 【智能问答】场景案例 让大模型掌握企业的知识和流程 【应用智改】场景案例 让大模型融入企业的产品和业务 【智能工单】场景案例 让大模型创建和受理业务工单 【智能问数】场景案例 与业务系统数据对话式互动 AI知识库 大模型落地应用知识库 前沿技术 大模型技术 多模态技术 RAG技术 知识图谱 模型微调 提示词框架 提示词技巧 开源大模型 智能硬件 Agent框架 langchain llamaindex RAGFlow coze Dify Fastgpt Bisheng Qanything MaxKB 行业应用 AI+汽车 AI+金融 AI+工业 AI+培训 AI+SaaS AI+电商 AI+医疗 企业落地 内容创作 个人提效 智能客服 AI面试 数字员工 ChatBI 知识管理 智能营销 智能化改造 结构化提示词 LangGPT之路 提示词合集 应用案例 社区达人 关于我们 公司介绍 渠道合作 GitHub 
多模态技术,https://www.53ai.com/news/MultimodalLargeModel,2025-08-22 13:39:16,53AI,website,多模态技术 - 53AI-AI知识库|大模型知识库|大模型训练|智能体开发 免费POC，零成本试错 首页 产品服务 热门场景 工作+AI 大模型提升全员工作效率 工作对话 内容创作 方案撰写 魔法菜单 业务+AI 大模型掌握企业知识与流程 微信分身 海外客服 官网客服 抖音客服 数字老师 数字督导 智能服务台 AIx业务 大模型驱动产品智能化改造 智能问数 智能审核 智能工单 企微跟进助手 智能报价 企微销售助手 应用智改 企微客服助手 大模型咨询 Consulting AI咨询与内训 了解更多 > 大模型开发 DeepSeek 微调与定制开发 了解更多 > 热门产品 53AI Hub开源 三分钟搭建出独立的企业AI门户 53AI Studio 高准确率的企业级智能体开发平台 53AI KM 让企业知识在人与AI之间流动起来 53AI Browser “AI专家”效率倍增的秘密武器 敬请期待... 客户案例 行业案例 政府央国企 政府央国企大模型落地应用案例 能源矿业 新能源与矿业大模型落地应用案例 电子科技 电子科技行业大模型落地应用案例 贸易流通 贸易流通大模型落地应用案例 制造行业 高端制造行业大模型落地应用案例 企科数服 企科数服行业大模型落地应用案例 生物医药 生物医药行业大模型落地应用案例 地产与消费品 地产与消费品行业大模型落地应用案例 场景案例 【智能问答】场景案例 让大模型掌握企业的知识和流程 【应用智改】场景案例 让大模型融入企业的产品和业务 【智能工单】场景案例 让大模型创建和受理业务工单 【智能问数】场景案例 与业务系统数据对话式互动 AI知识库 大模型落地应用知识库 前沿技术 大模型技术 多模态技术 RAG技术 知识图谱 模型微调 提示词框架 提示词技巧 开源大模型 智能硬件 Agent框架 langchain llamaindex RAGFlow coze Dify Fastgpt Bisheng Qanything MaxKB 行业应用 AI+汽车 AI+金融 AI+工业 AI+培训 AI+SaaS AI+电商 AI+医疗 企业落地 内容创作 个人提效 智能客服 AI面试 数字员工 ChatBI 知识管理 智能营销 智能化改造 结构化提示词 LangGPT之路 提示词合集 应用案例 社区达人 关于我们 公司介绍 渠道合作 GitHub 
RAG技术,https://www.53ai.com/news/RAG,2025-08-22 13:39:16,53AI,website,RAG技术 - 53AI-AI知识库|大模型知识库|大模型训练|智能体开发 免费POC，零成本试错 首页 产品服务 热门场景 工作+AI 大模型提升全员工作效率 工作对话 内容创作 方案撰写 魔法菜单 业务+AI 大模型掌握企业知识与流程 微信分身 海外客服 官网客服 抖音客服 数字老师 数字督导 智能服务台 AIx业务 大模型驱动产品智能化改造 智能问数 智能审核 智能工单 企微跟进助手 智能报价 企微销售助手 应用智改 企微客服助手 大模型咨询 Consulting AI咨询与内训 了解更多 > 大模型开发 DeepSeek 微调与定制开发 了解更多 > 热门产品 53AI Hub开源 三分钟搭建出独立的企业AI门户 53AI Studio 高准确率的企业级智能体开发平台 53AI KM 让企业知识在人与AI之间流动起来 53AI Browser “AI专家”效率倍增的秘密武器 敬请期待... 客户案例 行业案例 政府央国企 政府央国企大模型落地应用案例 能源矿业 新能源与矿业大模型落地应用案例 电子科技 电子科技行业大模型落地应用案例 贸易流通 贸易流通大模型落地应用案例 制造行业 高端制造行业大模型落地应用案例 企科数服 企科数服行业大模型落地应用案例 生物医药 生物医药行业大模型落地应用案例 地产与消费品 地产与消费品行业大模型落地应用案例 场景案例 【智能问答】场景案例 让大模型掌握企业的知识和流程 【应用智改】场景案例 让大模型融入企业的产品和业务 【智能工单】场景案例 让大模型创建和受理业务工单 【智能问数】场景案例 与业务系统数据对话式互动 AI知识库 大模型落地应用知识库 前沿技术 大模型技术 多模态技术 RAG技术 知识图谱 模型微调 提示词框架 提示词技巧 开源大模型 智能硬件 Agent框架 langchain llamaindex RAGFlow coze Dify Fastgpt Bisheng Qanything MaxKB 行业应用 AI+汽车 AI+金融 AI+工业 AI+培训 AI+SaaS AI+电商 AI+医疗 企业落地 内容创作 个人提效 智能客服 AI面试 数字员工 ChatBI 知识管理 智能营销 智能化改造 结构化提示词 LangGPT之路 提示词合集 应用案例 社区达人 关于我们 公司介绍 渠道合作 GitHub 
大模型技术,https://www.53ai.com/news/LargeLanguageModel,2025-08-22 13:39:16,53AI,website,大模型技术 - 53AI-AI知识库|大模型知识库|大模型训练|智能体开发 免费POC，零成本试错 首页 产品服务 热门场景 工作+AI 大模型提升全员工作效率 工作对话 内容创作 方案撰写 魔法菜单 业务+AI 大模型掌握企业知识与流程 微信分身 海外客服 官网客服 抖音客服 数字老师 数字督导 智能服务台 AIx业务 大模型驱动产品智能化改造 智能问数 智能审核 智能工单 企微跟进助手 智能报价 企微销售助手 应用智改 企微客服助手 大模型咨询 Consulting AI咨询与内训 了解更多 > 大模型开发 DeepSeek 微调与定制开发 了解更多 > 热门产品 53AI Hub开源 三分钟搭建出独立的企业AI门户 53AI Studio 高准确率的企业级智能体开发平台 53AI KM 让企业知识在人与AI之间流动起来 53AI Browser “AI专家”效率倍增的秘密武器 敬请期待... 客户案例 行业案例 政府央国企 政府央国企大模型落地应用案例 能源矿业 新能源与矿业大模型落地应用案例 电子科技 电子科技行业大模型落地应用案例 贸易流通 贸易流通大模型落地应用案例 制造行业 高端制造行业大模型落地应用案例 企科数服 企科数服行业大模型落地应用案例 生物医药 生物医药行业大模型落地应用案例 地产与消费品 地产与消费品行业大模型落地应用案例 场景案例 【智能问答】场景案例 让大模型掌握企业的知识和流程 【应用智改】场景案例 让大模型融入企业的产品和业务 【智能工单】场景案例 让大模型创建和受理业务工单 【智能问数】场景案例 与业务系统数据对话式互动 AI知识库 大模型落地应用知识库 前沿技术 大模型技术 多模态技术 RAG技术 知识图谱 模型微调 提示词框架 提示词技巧 开源大模型 智能硬件 Agent框架 langchain llamaindex RAGFlow coze Dify Fastgpt Bisheng Qanything MaxKB 行业应用 AI+汽车 AI+金融 AI+工业 AI+培训 AI+SaaS AI+电商 AI+医疗 企业落地 内容创作 个人提效 智能客服 AI面试 数字员工 ChatBI 知识管理 智能营销 智能化改造 结构化提示词 LangGPT之路 提示词合集 应用案例 社区达人 关于我们 公司介绍 渠道合作 GitHub 
langchain,https://www.53ai.com/news/langchain,2025-08-22 13:39:16,53AI,website,53AI-行业落地案例 - 53AI-AI知识库|大模型知识库|大模型训练|智能体开发 免费POC，零成本试错 首页 产品服务 热门场景 工作+AI 大模型提升全员工作效率 工作对话 内容创作 方案撰写 魔法菜单 业务+AI 大模型掌握企业知识与流程 微信分身 海外客服 官网客服 抖音客服 数字老师 数字督导 智能服务台 AIx业务 大模型驱动产品智能化改造 智能问数 智能审核 智能工单 企微跟进助手 智能报价 企微销售助手 应用智改 企微客服助手 大模型咨询 Consulting AI咨询与内训 了解更多 > 大模型开发 DeepSeek 微调与定制开发 了解更多 > 热门产品 53AI Hub开源 三分钟搭建出独立的企业AI门户 53AI Studio 高准确率的企业级智能体开发平台 53AI KM 让企业知识在人与AI之间流动起来 53AI Browser “AI专家”效率倍增的秘密武器 敬请期待... 客户案例 行业案例 政府央国企 政府央国企大模型落地应用案例 能源矿业 新能源与矿业大模型落地应用案例 电子科技 电子科技行业大模型落地应用案例 贸易流通 贸易流通大模型落地应用案例 制造行业 高端制造行业大模型落地应用案例 企科数服 企科数服行业大模型落地应用案例 生物医药 生物医药行业大模型落地应用案例 地产与消费品 地产与消费品行业大模型落地应用案例 场景案例 【智能问答】场景案例 让大模型掌握企业的知识和流程 【应用智改】场景案例 让大模型融入企业的产品和业务 【智能工单】场景案例 让大模型创建和受理业务工单 【智能问数】场景案例 与业务系统数据对话式互动 AI知识库 大模型落地应用知识库 前沿技术 大模型技术 多模态技术 RAG技术 知识图谱 模型微调 提示词框架 提示词技巧 开源大模型 智能硬件 Agent框架 langchain llamaindex RAGFlow coze Dify Fastgpt Bisheng Qanything MaxKB 行业应用 AI+汽车 AI+金融 AI+工业 AI+培训 AI+SaaS AI+电商 AI+医疗 企业落地 内容创作 个人提效 智能客服 AI面试 数字员工 ChatBI 知识管理 智能营销 智能化改造 结构化提示词 LangGPT之路 提示词合集 应用案例 社区达人 关于我们 公司介绍 渠道合作 G
llamaindex,https://www.53ai.com/news/llamaindex,2025-08-22 13:39:16,53AI,website,53AI-行业落地案例 - 53AI-AI知识库|大模型知识库|大模型训练|智能体开发 免费POC，零成本试错 首页 产品服务 热门场景 工作+AI 大模型提升全员工作效率 工作对话 内容创作 方案撰写 魔法菜单 业务+AI 大模型掌握企业知识与流程 微信分身 海外客服 官网客服 抖音客服 数字老师 数字督导 智能服务台 AIx业务 大模型驱动产品智能化改造 智能问数 智能审核 智能工单 企微跟进助手 智能报价 企微销售助手 应用智改 企微客服助手 大模型咨询 Consulting AI咨询与内训 了解更多 > 大模型开发 DeepSeek 微调与定制开发 了解更多 > 热门产品 53AI Hub开源 三分钟搭建出独立的企业AI门户 53AI Studio 高准确率的企业级智能体开发平台 53AI KM 让企业知识在人与AI之间流动起来 53AI Browser “AI专家”效率倍增的秘密武器 敬请期待... 客户案例 行业案例 政府央国企 政府央国企大模型落地应用案例 能源矿业 新能源与矿业大模型落地应用案例 电子科技 电子科技行业大模型落地应用案例 贸易流通 贸易流通大模型落地应用案例 制造行业 高端制造行业大模型落地应用案例 企科数服 企科数服行业大模型落地应用案例 生物医药 生物医药行业大模型落地应用案例 地产与消费品 地产与消费品行业大模型落地应用案例 场景案例 【智能问答】场景案例 让大模型掌握企业的知识和流程 【应用智改】场景案例 让大模型融入企业的产品和业务 【智能工单】场景案例 让大模型创建和受理业务工单 【智能问数】场景案例 与业务系统数据对话式互动 AI知识库 大模型落地应用知识库 前沿技术 大模型技术 多模态技术 RAG技术 知识图谱 模型微调 提示词框架 提示词技巧 开源大模型 智能硬件 Agent框架 langchain llamaindex RAGFlow coze Dify Fastgpt Bisheng Qanything MaxKB 行业应用 AI+汽车 AI+金融 AI+工业 AI+培训 AI+SaaS AI+电商 AI+医疗 企业落地 内容创作 个人提效 智能客服 AI面试 数字员工 ChatBI 知识管理 智能营销 智能化改造 结构化提示词 LangGPT之路 提示词合集 应用案例 社区达人 关于我们 公司介绍 渠道合作 G
多模态技术,https://www.53ai.com/news/MultimodalLargeModel,2025-08-22 13:39:16,53AI,website,多模态技术 - 53AI-AI知识库|大模型知识库|大模型训练|智能体开发 免费POC，零成本试错 首页 产品服务 热门场景 工作+AI 大模型提升全员工作效率 工作对话 内容创作 方案撰写 魔法菜单 业务+AI 大模型掌握企业知识与流程 微信分身 海外客服 官网客服 抖音客服 数字老师 数字督导 智能服务台 AIx业务 大模型驱动产品智能化改造 智能问数 智能审核 智能工单 企微跟进助手 智能报价 企微销售助手 应用智改 企微客服助手 大模型咨询 Consulting AI咨询与内训 了解更多 > 大模型开发 DeepSeek 微调与定制开发 了解更多 > 热门产品 53AI Hub开源 三分钟搭建出独立的企业AI门户 53AI Studio 高准确率的企业级智能体开发平台 53AI KM 让企业知识在人与AI之间流动起来 53AI Browser “AI专家”效率倍增的秘密武器 敬请期待... 客户案例 行业案例 政府央国企 政府央国企大模型落地应用案例 能源矿业 新能源与矿业大模型落地应用案例 电子科技 电子科技行业大模型落地应用案例 贸易流通 贸易流通大模型落地应用案例 制造行业 高端制造行业大模型落地应用案例 企科数服 企科数服行业大模型落地应用案例 生物医药 生物医药行业大模型落地应用案例 地产与消费品 地产与消费品行业大模型落地应用案例 场景案例 【智能问答】场景案例 让大模型掌握企业的知识和流程 【应用智改】场景案例 让大模型融入企业的产品和业务 【智能工单】场景案例 让大模型创建和受理业务工单 【智能问数】场景案例 与业务系统数据对话式互动 AI知识库 大模型落地应用知识库 前沿技术 大模型技术 多模态技术 RAG技术 知识图谱 模型微调 提示词框架 提示词技巧 开源大模型 智能硬件 Agent框架 langchain llamaindex RAGFlow coze Dify Fastgpt Bisheng Qanything MaxKB 行业应用 AI+汽车 AI+金融 AI+工业 AI+培训 AI+SaaS AI+电商 AI+医疗 企业落地 内容创作 个人提效 智能客服 AI面试 数字员工 ChatBI 知识管理 智能营销 智能化改造 结构化提示词 LangGPT之路 提示词合集 应用案例 社区达人 关于我们 公司介绍 渠道合作 GitHub 
RAG技术,https://www.53ai.com/news/RAG,2025-08-22 13:39:16,53AI,website,RAG技术 - 53AI-AI知识库|大模型知识库|大模型训练|智能体开发 免费POC，零成本试错 首页 产品服务 热门场景 工作+AI 大模型提升全员工作效率 工作对话 内容创作 方案撰写 魔法菜单 业务+AI 大模型掌握企业知识与流程 微信分身 海外客服 官网客服 抖音客服 数字老师 数字督导 智能服务台 AIx业务 大模型驱动产品智能化改造 智能问数 智能审核 智能工单 企微跟进助手 智能报价 企微销售助手 应用智改 企微客服助手 大模型咨询 Consulting AI咨询与内训 了解更多 > 大模型开发 DeepSeek 微调与定制开发 了解更多 > 热门产品 53AI Hub开源 三分钟搭建出独立的企业AI门户 53AI Studio 高准确率的企业级智能体开发平台 53AI KM 让企业知识在人与AI之间流动起来 53AI Browser “AI专家”效率倍增的秘密武器 敬请期待... 客户案例 行业案例 政府央国企 政府央国企大模型落地应用案例 能源矿业 新能源与矿业大模型落地应用案例 电子科技 电子科技行业大模型落地应用案例 贸易流通 贸易流通大模型落地应用案例 制造行业 高端制造行业大模型落地应用案例 企科数服 企科数服行业大模型落地应用案例 生物医药 生物医药行业大模型落地应用案例 地产与消费品 地产与消费品行业大模型落地应用案例 场景案例 【智能问答】场景案例 让大模型掌握企业的知识和流程 【应用智改】场景案例 让大模型融入企业的产品和业务 【智能工单】场景案例 让大模型创建和受理业务工单 【智能问数】场景案例 与业务系统数据对话式互动 AI知识库 大模型落地应用知识库 前沿技术 大模型技术 多模态技术 RAG技术 知识图谱 模型微调 提示词框架 提示词技巧 开源大模型 智能硬件 Agent框架 langchain llamaindex RAGFlow coze Dify Fastgpt Bisheng Qanything MaxKB 行业应用 AI+汽车 AI+金融 AI+工业 AI+培训 AI+SaaS AI+电商 AI+医疗 企业落地 内容创作 个人提效 智能客服 AI面试 数字员工 ChatBI 知识管理 智能营销 智能化改造 结构化提示词 LangGPT之路 提示词合集 应用案例 社区达人 关于我们 公司介绍 渠道合作 GitHub 
AI+汽车,https://www.53ai.com/news/AIqiche,2025-08-22 13:39:16,53AI,website,53AI-行业落地案例 - 53AI-AI知识库|大模型知识库|大模型训练|智能体开发 免费POC，零成本试错 首页 产品服务 热门场景 工作+AI 大模型提升全员工作效率 工作对话 内容创作 方案撰写 魔法菜单 业务+AI 大模型掌握企业知识与流程 微信分身 海外客服 官网客服 抖音客服 数字老师 数字督导 智能服务台 AIx业务 大模型驱动产品智能化改造 智能问数 智能审核 智能工单 企微跟进助手 智能报价 企微销售助手 应用智改 企微客服助手 大模型咨询 Consulting AI咨询与内训 了解更多 > 大模型开发 DeepSeek 微调与定制开发 了解更多 > 热门产品 53AI Hub开源 三分钟搭建出独立的企业AI门户 53AI Studio 高准确率的企业级智能体开发平台 53AI KM 让企业知识在人与AI之间流动起来 53AI Browser “AI专家”效率倍增的秘密武器 敬请期待... 客户案例 行业案例 政府央国企 政府央国企大模型落地应用案例 能源矿业 新能源与矿业大模型落地应用案例 电子科技 电子科技行业大模型落地应用案例 贸易流通 贸易流通大模型落地应用案例 制造行业 高端制造行业大模型落地应用案例 企科数服 企科数服行业大模型落地应用案例 生物医药 生物医药行业大模型落地应用案例 地产与消费品 地产与消费品行业大模型落地应用案例 场景案例 【智能问答】场景案例 让大模型掌握企业的知识和流程 【应用智改】场景案例 让大模型融入企业的产品和业务 【智能工单】场景案例 让大模型创建和受理业务工单 【智能问数】场景案例 与业务系统数据对话式互动 AI知识库 大模型落地应用知识库 前沿技术 大模型技术 多模态技术 RAG技术 知识图谱 模型微调 提示词框架 提示词技巧 开源大模型 智能硬件 Agent框架 langchain llamaindex RAGFlow coze Dify Fastgpt Bisheng Qanything MaxKB 行业应用 AI+汽车 AI+金融 AI+工业 AI+培训 AI+SaaS AI+电商 AI+医疗 企业落地 内容创作 个人提效 智能客服 AI面试 数字员工 ChatBI 知识管理 智能营销 智能化改造 结构化提示词 LangGPT之路 提示词合集 应用案例 社区达人 关于我们 公司介绍 渠道合作 G
AI+金融,https://www.53ai.com/news/AIjinrong,2025-08-22 13:39:16,53AI,website,53AI-行业落地案例 - 53AI-AI知识库|大模型知识库|大模型训练|智能体开发 免费POC，零成本试错 首页 产品服务 热门场景 工作+AI 大模型提升全员工作效率 工作对话 内容创作 方案撰写 魔法菜单 业务+AI 大模型掌握企业知识与流程 微信分身 海外客服 官网客服 抖音客服 数字老师 数字督导 智能服务台 AIx业务 大模型驱动产品智能化改造 智能问数 智能审核 智能工单 企微跟进助手 智能报价 企微销售助手 应用智改 企微客服助手 大模型咨询 Consulting AI咨询与内训 了解更多 > 大模型开发 DeepSeek 微调与定制开发 了解更多 > 热门产品 53AI Hub开源 三分钟搭建出独立的企业AI门户 53AI Studio 高准确率的企业级智能体开发平台 53AI KM 让企业知识在人与AI之间流动起来 53AI Browser “AI专家”效率倍增的秘密武器 敬请期待... 客户案例 行业案例 政府央国企 政府央国企大模型落地应用案例 能源矿业 新能源与矿业大模型落地应用案例 电子科技 电子科技行业大模型落地应用案例 贸易流通 贸易流通大模型落地应用案例 制造行业 高端制造行业大模型落地应用案例 企科数服 企科数服行业大模型落地应用案例 生物医药 生物医药行业大模型落地应用案例 地产与消费品 地产与消费品行业大模型落地应用案例 场景案例 【智能问答】场景案例 让大模型掌握企业的知识和流程 【应用智改】场景案例 让大模型融入企业的产品和业务 【智能工单】场景案例 让大模型创建和受理业务工单 【智能问数】场景案例 与业务系统数据对话式互动 AI知识库 大模型落地应用知识库 前沿技术 大模型技术 多模态技术 RAG技术 知识图谱 模型微调 提示词框架 提示词技巧 开源大模型 智能硬件 Agent框架 langchain llamaindex RAGFlow coze Dify Fastgpt Bisheng Qanything MaxKB 行业应用 AI+汽车 AI+金融 AI+工业 AI+培训 AI+SaaS AI+电商 AI+医疗 企业落地 内容创作 个人提效 智能客服 AI面试 数字员工 ChatBI 知识管理 智能营销 智能化改造 结构化提示词 LangGPT之路 提示词合集 应用案例 社区达人 关于我们 公司介绍 渠道合作 G
AI+工业,https://www.53ai.com/news/AIgongye,2025-08-22 13:39:16,53AI,website,53AI-行业落地案例 - 53AI-AI知识库|大模型知识库|大模型训练|智能体开发 免费POC，零成本试错 首页 产品服务 热门场景 工作+AI 大模型提升全员工作效率 工作对话 内容创作 方案撰写 魔法菜单 业务+AI 大模型掌握企业知识与流程 微信分身 海外客服 官网客服 抖音客服 数字老师 数字督导 智能服务台 AIx业务 大模型驱动产品智能化改造 智能问数 智能审核 智能工单 企微跟进助手 智能报价 企微销售助手 应用智改 企微客服助手 大模型咨询 Consulting AI咨询与内训 了解更多 > 大模型开发 DeepSeek 微调与定制开发 了解更多 > 热门产品 53AI Hub开源 三分钟搭建出独立的企业AI门户 53AI Studio 高准确率的企业级智能体开发平台 53AI KM 让企业知识在人与AI之间流动起来 53AI Browser “AI专家”效率倍增的秘密武器 敬请期待... 客户案例 行业案例 政府央国企 政府央国企大模型落地应用案例 能源矿业 新能源与矿业大模型落地应用案例 电子科技 电子科技行业大模型落地应用案例 贸易流通 贸易流通大模型落地应用案例 制造行业 高端制造行业大模型落地应用案例 企科数服 企科数服行业大模型落地应用案例 生物医药 生物医药行业大模型落地应用案例 地产与消费品 地产与消费品行业大模型落地应用案例 场景案例 【智能问答】场景案例 让大模型掌握企业的知识和流程 【应用智改】场景案例 让大模型融入企业的产品和业务 【智能工单】场景案例 让大模型创建和受理业务工单 【智能问数】场景案例 与业务系统数据对话式互动 AI知识库 大模型落地应用知识库 前沿技术 大模型技术 多模态技术 RAG技术 知识图谱 模型微调 提示词框架 提示词技巧 开源大模型 智能硬件 Agent框架 langchain llamaindex RAGFlow coze Dify Fastgpt Bisheng Qanything MaxKB 行业应用 AI+汽车 AI+金融 AI+工业 AI+培训 AI+SaaS AI+电商 AI+医疗 企业落地 内容创作 个人提效 智能客服 AI面试 数字员工 ChatBI 知识管理 智能营销 智能化改造 结构化提示词 LangGPT之路 提示词合集 应用案例 社区达人 关于我们 公司介绍 渠道合作 G
AI+培训,https://www.53ai.com/news/AIpeixun,2025-08-22 13:39:16,53AI,website,53AI-行业落地案例 - 53AI-AI知识库|大模型知识库|大模型训练|智能体开发 免费POC，零成本试错 首页 产品服务 热门场景 工作+AI 大模型提升全员工作效率 工作对话 内容创作 方案撰写 魔法菜单 业务+AI 大模型掌握企业知识与流程 微信分身 海外客服 官网客服 抖音客服 数字老师 数字督导 智能服务台 AIx业务 大模型驱动产品智能化改造 智能问数 智能审核 智能工单 企微跟进助手 智能报价 企微销售助手 应用智改 企微客服助手 大模型咨询 Consulting AI咨询与内训 了解更多 > 大模型开发 DeepSeek 微调与定制开发 了解更多 > 热门产品 53AI Hub开源 三分钟搭建出独立的企业AI门户 53AI Studio 高准确率的企业级智能体开发平台 53AI KM 让企业知识在人与AI之间流动起来 53AI Browser “AI专家”效率倍增的秘密武器 敬请期待... 客户案例 行业案例 政府央国企 政府央国企大模型落地应用案例 能源矿业 新能源与矿业大模型落地应用案例 电子科技 电子科技行业大模型落地应用案例 贸易流通 贸易流通大模型落地应用案例 制造行业 高端制造行业大模型落地应用案例 企科数服 企科数服行业大模型落地应用案例 生物医药 生物医药行业大模型落地应用案例 地产与消费品 地产与消费品行业大模型落地应用案例 场景案例 【智能问答】场景案例 让大模型掌握企业的知识和流程 【应用智改】场景案例 让大模型融入企业的产品和业务 【智能工单】场景案例 让大模型创建和受理业务工单 【智能问数】场景案例 与业务系统数据对话式互动 AI知识库 大模型落地应用知识库 前沿技术 大模型技术 多模态技术 RAG技术 知识图谱 模型微调 提示词框架 提示词技巧 开源大模型 智能硬件 Agent框架 langchain llamaindex RAGFlow coze Dify Fastgpt Bisheng Qanything MaxKB 行业应用 AI+汽车 AI+金融 AI+工业 AI+培训 AI+SaaS AI+电商 AI+医疗 企业落地 内容创作 个人提效 智能客服 AI面试 数字员工 ChatBI 知识管理 智能营销 智能化改造 结构化提示词 LangGPT之路 提示词合集 应用案例 社区达人 关于我们 公司介绍 渠道合作 G
AI+SaaS,https://www.53ai.com/news/AISaaS,2025-08-22 13:39:16,53AI,website,53AI-行业落地案例 - 53AI-AI知识库|大模型知识库|大模型训练|智能体开发 免费POC，零成本试错 首页 产品服务 热门场景 工作+AI 大模型提升全员工作效率 工作对话 内容创作 方案撰写 魔法菜单 业务+AI 大模型掌握企业知识与流程 微信分身 海外客服 官网客服 抖音客服 数字老师 数字督导 智能服务台 AIx业务 大模型驱动产品智能化改造 智能问数 智能审核 智能工单 企微跟进助手 智能报价 企微销售助手 应用智改 企微客服助手 大模型咨询 Consulting AI咨询与内训 了解更多 > 大模型开发 DeepSeek 微调与定制开发 了解更多 > 热门产品 53AI Hub开源 三分钟搭建出独立的企业AI门户 53AI Studio 高准确率的企业级智能体开发平台 53AI KM 让企业知识在人与AI之间流动起来 53AI Browser “AI专家”效率倍增的秘密武器 敬请期待... 客户案例 行业案例 政府央国企 政府央国企大模型落地应用案例 能源矿业 新能源与矿业大模型落地应用案例 电子科技 电子科技行业大模型落地应用案例 贸易流通 贸易流通大模型落地应用案例 制造行业 高端制造行业大模型落地应用案例 企科数服 企科数服行业大模型落地应用案例 生物医药 生物医药行业大模型落地应用案例 地产与消费品 地产与消费品行业大模型落地应用案例 场景案例 【智能问答】场景案例 让大模型掌握企业的知识和流程 【应用智改】场景案例 让大模型融入企业的产品和业务 【智能工单】场景案例 让大模型创建和受理业务工单 【智能问数】场景案例 与业务系统数据对话式互动 AI知识库 大模型落地应用知识库 前沿技术 大模型技术 多模态技术 RAG技术 知识图谱 模型微调 提示词框架 提示词技巧 开源大模型 智能硬件 Agent框架 langchain llamaindex RAGFlow coze Dify Fastgpt Bisheng Qanything MaxKB 行业应用 AI+汽车 AI+金融 AI+工业 AI+培训 AI+SaaS AI+电商 AI+医疗 企业落地 内容创作 个人提效 智能客服 AI面试 数字员工 ChatBI 知识管理 智能营销 智能化改造 结构化提示词 LangGPT之路 提示词合集 应用案例 社区达人 关于我们 公司介绍 渠道合作 G
AI+电商,https://www.53ai.com/news/AIdianshang,2025-08-22 13:39:16,53AI,website,53AI-行业落地案例 - 53AI-AI知识库|大模型知识库|大模型训练|智能体开发 免费POC，零成本试错 首页 产品服务 热门场景 工作+AI 大模型提升全员工作效率 工作对话 内容创作 方案撰写 魔法菜单 业务+AI 大模型掌握企业知识与流程 微信分身 海外客服 官网客服 抖音客服 数字老师 数字督导 智能服务台 AIx业务 大模型驱动产品智能化改造 智能问数 智能审核 智能工单 企微跟进助手 智能报价 企微销售助手 应用智改 企微客服助手 大模型咨询 Consulting AI咨询与内训 了解更多 > 大模型开发 DeepSeek 微调与定制开发 了解更多 > 热门产品 53AI Hub开源 三分钟搭建出独立的企业AI门户 53AI Studio 高准确率的企业级智能体开发平台 53AI KM 让企业知识在人与AI之间流动起来 53AI Browser “AI专家”效率倍增的秘密武器 敬请期待... 客户案例 行业案例 政府央国企 政府央国企大模型落地应用案例 能源矿业 新能源与矿业大模型落地应用案例 电子科技 电子科技行业大模型落地应用案例 贸易流通 贸易流通大模型落地应用案例 制造行业 高端制造行业大模型落地应用案例 企科数服 企科数服行业大模型落地应用案例 生物医药 生物医药行业大模型落地应用案例 地产与消费品 地产与消费品行业大模型落地应用案例 场景案例 【智能问答】场景案例 让大模型掌握企业的知识和流程 【应用智改】场景案例 让大模型融入企业的产品和业务 【智能工单】场景案例 让大模型创建和受理业务工单 【智能问数】场景案例 与业务系统数据对话式互动 AI知识库 大模型落地应用知识库 前沿技术 大模型技术 多模态技术 RAG技术 知识图谱 模型微调 提示词框架 提示词技巧 开源大模型 智能硬件 Agent框架 langchain llamaindex RAGFlow coze Dify Fastgpt Bisheng Qanything MaxKB 行业应用 AI+汽车 AI+金融 AI+工业 AI+培训 AI+SaaS AI+电商 AI+医疗 企业落地 内容创作 个人提效 智能客服 AI面试 数字员工 ChatBI 知识管理 智能营销 智能化改造 结构化提示词 LangGPT之路 提示词合集 应用案例 社区达人 关于我们 公司介绍 渠道合作 G
AI面试,https://www.53ai.com/news/AImianshi,2025-08-22 13:39:16,53AI,website,53AI-行业落地案例 - 53AI-AI知识库|大模型知识库|大模型训练|智能体开发 免费POC，零成本试错 首页 产品服务 热门场景 工作+AI 大模型提升全员工作效率 工作对话 内容创作 方案撰写 魔法菜单 业务+AI 大模型掌握企业知识与流程 微信分身 海外客服 官网客服 抖音客服 数字老师 数字督导 智能服务台 AIx业务 大模型驱动产品智能化改造 智能问数 智能审核 智能工单 企微跟进助手 智能报价 企微销售助手 应用智改 企微客服助手 大模型咨询 Consulting AI咨询与内训 了解更多 > 大模型开发 DeepSeek 微调与定制开发 了解更多 > 热门产品 53AI Hub开源 三分钟搭建出独立的企业AI门户 53AI Studio 高准确率的企业级智能体开发平台 53AI KM 让企业知识在人与AI之间流动起来 53AI Browser “AI专家”效率倍增的秘密武器 敬请期待... 客户案例 行业案例 政府央国企 政府央国企大模型落地应用案例 能源矿业 新能源与矿业大模型落地应用案例 电子科技 电子科技行业大模型落地应用案例 贸易流通 贸易流通大模型落地应用案例 制造行业 高端制造行业大模型落地应用案例 企科数服 企科数服行业大模型落地应用案例 生物医药 生物医药行业大模型落地应用案例 地产与消费品 地产与消费品行业大模型落地应用案例 场景案例 【智能问答】场景案例 让大模型掌握企业的知识和流程 【应用智改】场景案例 让大模型融入企业的产品和业务 【智能工单】场景案例 让大模型创建和受理业务工单 【智能问数】场景案例 与业务系统数据对话式互动 AI知识库 大模型落地应用知识库 前沿技术 大模型技术 多模态技术 RAG技术 知识图谱 模型微调 提示词框架 提示词技巧 开源大模型 智能硬件 Agent框架 langchain llamaindex RAGFlow coze Dify Fastgpt Bisheng Qanything MaxKB 行业应用 AI+汽车 AI+金融 AI+工业 AI+培训 AI+SaaS AI+电商 AI+医疗 企业落地 内容创作 个人提效 智能客服 AI面试 数字员工 ChatBI 知识管理 智能营销 智能化改造 结构化提示词 LangGPT之路 提示词合集 应用案例 社区达人 关于我们 公司介绍 渠道合作 G
AI+医疗,https://www.53ai.com/news/AIyiliao,2025-08-22 13:39:16,53AI,website,53AI-行业落地案例 - 53AI-AI知识库|大模型知识库|大模型训练|智能体开发 免费POC，零成本试错 首页 产品服务 热门场景 工作+AI 大模型提升全员工作效率 工作对话 内容创作 方案撰写 魔法菜单 业务+AI 大模型掌握企业知识与流程 微信分身 海外客服 官网客服 抖音客服 数字老师 数字督导 智能服务台 AIx业务 大模型驱动产品智能化改造 智能问数 智能审核 智能工单 企微跟进助手 智能报价 企微销售助手 应用智改 企微客服助手 大模型咨询 Consulting AI咨询与内训 了解更多 > 大模型开发 DeepSeek 微调与定制开发 了解更多 > 热门产品 53AI Hub开源 三分钟搭建出独立的企业AI门户 53AI Studio 高准确率的企业级智能体开发平台 53AI KM 让企业知识在人与AI之间流动起来 53AI Browser “AI专家”效率倍增的秘密武器 敬请期待... 客户案例 行业案例 政府央国企 政府央国企大模型落地应用案例 能源矿业 新能源与矿业大模型落地应用案例 电子科技 电子科技行业大模型落地应用案例 贸易流通 贸易流通大模型落地应用案例 制造行业 高端制造行业大模型落地应用案例 企科数服 企科数服行业大模型落地应用案例 生物医药 生物医药行业大模型落地应用案例 地产与消费品 地产与消费品行业大模型落地应用案例 场景案例 【智能问答】场景案例 让大模型掌握企业的知识和流程 【应用智改】场景案例 让大模型融入企业的产品和业务 【智能工单】场景案例 让大模型创建和受理业务工单 【智能问数】场景案例 与业务系统数据对话式互动 AI知识库 大模型落地应用知识库 前沿技术 大模型技术 多模态技术 RAG技术 知识图谱 模型微调 提示词框架 提示词技巧 开源大模型 智能硬件 Agent框架 langchain llamaindex RAGFlow coze Dify Fastgpt Bisheng Qanything MaxKB 行业应用 AI+汽车 AI+金融 AI+工业 AI+培训 AI+SaaS AI+电商 AI+医疗 企业落地 内容创作 个人提效 智能客服 AI面试 数字员工 ChatBI 知识管理 智能营销 智能化改造 结构化提示词 LangGPT之路 提示词合集 应用案例 社区达人 关于我们 公司介绍 渠道合作 G
AI知识库,https://www.53ai.com/news.html,2025-08-22 13:39:16,53AI,website,53AI知识库|大模型知识库|大模型训练|开箱即用的企业大模型应用平台|53AI - 53AI-AI知识库|大模型知识库|大模型训练|智能体开发 免费POC，零成本试错 首页 产品服务 热门场景 工作+AI 大模型提升全员工作效率 工作对话 内容创作 方案撰写 魔法菜单 业务+AI 大模型掌握企业知识与流程 微信分身 海外客服 官网客服 抖音客服 数字老师 数字督导 智能服务台 AIx业务 大模型驱动产品智能化改造 智能问数 智能审核 智能工单 企微跟进助手 智能报价 企微销售助手 应用智改 企微客服助手 大模型咨询 Consulting AI咨询与内训 了解更多 > 大模型开发 DeepSeek 微调与定制开发 了解更多 > 热门产品 53AI Hub开源 三分钟搭建出独立的企业AI门户 53AI Studio 高准确率的企业级智能体开发平台 53AI KM 让企业知识在人与AI之间流动起来 53AI Browser “AI专家”效率倍增的秘密武器 敬请期待... 客户案例 行业案例 政府央国企 政府央国企大模型落地应用案例 能源矿业 新能源与矿业大模型落地应用案例 电子科技 电子科技行业大模型落地应用案例 贸易流通 贸易流通大模型落地应用案例 制造行业 高端制造行业大模型落地应用案例 企科数服 企科数服行业大模型落地应用案例 生物医药 生物医药行业大模型落地应用案例 地产与消费品 地产与消费品行业大模型落地应用案例 场景案例 【智能问答】场景案例 让大模型掌握企业的知识和流程 【应用智改】场景案例 让大模型融入企业的产品和业务 【智能工单】场景案例 让大模型创建和受理业务工单 【智能问数】场景案例 与业务系统数据对话式互动 AI知识库 大模型落地应用知识库 前沿技术 大模型技术 多模态技术 RAG技术 知识图谱 模型微调 提示词框架 提示词技巧 开源大模型 智能硬件 Agent框架 langchain llamaindex RAGFlow coze Dify Fastgpt Bisheng Qanything MaxKB 行业应用 AI+汽车 AI+金融 AI+工业 AI+培训 AI+SaaS AI+电商 AI+医疗 企业落地 内容创作 个人提效 智能客服 AI面试 数字员工 ChatBI 知识管理 智能营销 智能化改造 结构化提示词 LangGPT之路 提示词
前沿技术,https://www.53ai.com/news/qianyanjishu,2025-08-22 13:39:16,53AI,website,前沿技术 - 53AI-AI知识库|大模型知识库|大模型训练|智能体开发 免费POC，零成本试错 首页 产品服务 热门场景 工作+AI 大模型提升全员工作效率 工作对话 内容创作 方案撰写 魔法菜单 业务+AI 大模型掌握企业知识与流程 微信分身 海外客服 官网客服 抖音客服 数字老师 数字督导 智能服务台 AIx业务 大模型驱动产品智能化改造 智能问数 智能审核 智能工单 企微跟进助手 智能报价 企微销售助手 应用智改 企微客服助手 大模型咨询 Consulting AI咨询与内训 了解更多 > 大模型开发 DeepSeek 微调与定制开发 了解更多 > 热门产品 53AI Hub开源 三分钟搭建出独立的企业AI门户 53AI Studio 高准确率的企业级智能体开发平台 53AI KM 让企业知识在人与AI之间流动起来 53AI Browser “AI专家”效率倍增的秘密武器 敬请期待... 客户案例 行业案例 政府央国企 政府央国企大模型落地应用案例 能源矿业 新能源与矿业大模型落地应用案例 电子科技 电子科技行业大模型落地应用案例 贸易流通 贸易流通大模型落地应用案例 制造行业 高端制造行业大模型落地应用案例 企科数服 企科数服行业大模型落地应用案例 生物医药 生物医药行业大模型落地应用案例 地产与消费品 地产与消费品行业大模型落地应用案例 场景案例 【智能问答】场景案例 让大模型掌握企业的知识和流程 【应用智改】场景案例 让大模型融入企业的产品和业务 【智能工单】场景案例 让大模型创建和受理业务工单 【智能问数】场景案例 与业务系统数据对话式互动 AI知识库 大模型落地应用知识库 前沿技术 大模型技术 多模态技术 RAG技术 知识图谱 模型微调 提示词框架 提示词技巧 开源大模型 智能硬件 Agent框架 langchain llamaindex RAGFlow coze Dify Fastgpt Bisheng Qanything MaxKB 行业应用 AI+汽车 AI+金融 AI+工业 AI+培训 AI+SaaS AI+电商 AI+医疗 企业落地 内容创作 个人提效 智能客服 AI面试 数字员工 ChatBI 知识管理 智能营销 智能化改造 结构化提示词 LangGPT之路 提示词合集 应用案例 社区达人 关于我们 公司介绍 渠道合作 GitHub S
